date, pm25, pm10, o3, so2, co
2024/6/1, 45, , , , 
2024/6/2, 32, , , , 
2024/6/3, 39, , , , 
2024/5/1, 76, , , , 
2024/5/2, 54, , , , 
2024/5/3, 54, , , , 
2024/5/4, 39, , , , 
2024/5/5, 50, , , , 
2024/5/6, 66, , , , 
2024/5/7, 47, , , , 
2024/5/8, 56, , , , 
2024/5/9, 43, , , , 
2024/5/10, 48, , , , 
2024/5/11, 41, , , , 
2024/5/12, 49, , , , 
2024/5/13, 77, , , , 
2024/5/14, 43, , , , 
2024/5/15, 59, , , , 
2024/5/16, 33, , , , 
2024/5/17, 83, , , , 
2024/5/18, 58, , , , 
2024/5/19, 31, , , , 
2024/5/20, 50, , , , 
2024/5/21, 46, , , , 
2024/5/22, 33, , , , 
2024/5/23, 79, , , , 
2024/5/24, 77, , , , 
2024/5/25, 35, , , , 
2024/5/26, 16, , , , 
2024/5/27, 50, , , , 
2024/5/28, 23, , , , 
2024/5/29, 35, , , , 
2024/5/30, 29, , , , 
2024/5/31, 44, , , , 
2024/4/1, 59, , , , 
2024/4/2, 99, , , , 
2024/4/3, 105, , , , 
2024/4/4, 86, , , , 
2024/4/5, 92, , , , 
2024/4/6, 37, , , , 
2024/4/7, 50, , , , 
2024/4/8, 40, , , , 
2024/4/9, 49, , , , 
2024/4/10, 79, , , , 
2024/4/11, 96, , , , 
2024/4/12, 98, , , , 
2024/4/13, 78, , , , 
2024/4/14, 65, , , , 
2024/4/15, 77, , , , 
2024/4/16, 50, , , , 
2024/4/17, 49, , , , 
2024/4/18, 66, , , , 
2024/4/19, 63, , , , 
2024/4/20, 61, , , , 
2024/4/21, 69, , , , 
2024/4/22, 75, , , , 
2024/4/23, 61, , , , 
2024/4/24, 53, , , , 
2024/4/25, 44, , , , 
2024/4/26, 37, , , , 
2024/4/27, 39, , , , 
2024/4/28, 32, , , , 
2024/4/29, 68, , , , 
2024/4/30, 60, , , , 
2024/1/1, 129, 44, , 3, 9
2024/1/2, 186, 81, , 5, 11
2024/1/3, 254, 45, , 3, 6
2024/1/4, 142, 35, , 6, 6
2024/1/5, 152, 36, , 4, 6
2024/1/6, 149, 32, , 3, 3
2024/1/7, 143, 37, , 3, 3
2024/1/8, 130, 36, , 4, 7
2024/1/9, 135, 91, , 7, 7
2024/1/10, 111, 101, , 8, 7
2024/1/11, 129, 39, , 1, 5
2024/1/12, 93, 35, , , 5
2024/1/13, 77, 58, , , 4
2024/1/14, 107, 26, , , 4
2024/1/15, 83, 49, , , 8
2024/1/16, 167, 72, , , 14
2024/1/17, 179, 62, , 6, 14
2024/1/18, 157, 61, , 4, 8
2024/1/19, 142, 58, , , 6
2024/1/20, 163, 67, , 10, 7
2024/1/21, 174, 63, , 1, 8
2024/1/22, 147, 72, , 4, 8
2024/1/23, 148, 76, , 2, 9
2024/1/24, 144, 63, , 1, 12
2024/1/25, 139, 23, , , 5
2024/1/26, 113, 40, , 5, 11
2024/1/27, 174, 36, , 3, 10
2024/1/28, 104, 21, , , 5
2024/1/29, 72, 11, , , 3
2024/1/30, 57, 17, , , 3
2024/1/31, 63, , , , 
2024/2/1, 57, 32, , 1, 5
2024/2/2, 89, 35, , 2, 5
2024/2/3, 75, 35, , 6, 4
2024/2/4, 91, 32, , 2, 6
2024/2/5, 107, 30, , , 4
2024/2/6, 61, 36, , , 4
2024/2/7, 72, 32, , , 4
2024/2/8, 78, 34, , , 3
2024/2/9, 64, 33, , , 4
2024/2/10, 73, 42, , , 6
2024/2/11, 113, 43, , , 9
2024/2/12, 130, 42, , 1, 10
2024/2/13, 150, 25, , , 5
2024/2/14, 59, 32, , , 4
2024/2/15, 88, 34, , , 4
2024/2/16, 84, 28, , 2, 4
2024/2/17, 112, 41, , 3, 8
2024/2/18, 157, 20, , , 4
2024/2/19, 97, 23, , 1, 3
2024/2/20, 105, 38, , 3, 10
2024/2/21, 167, 39, , 5, 12
2024/2/22, 166, 35, , 6, 5
2024/2/23, 123, 26, , , 5
2024/2/24, 106, 39, , , 7
2024/2/25, 150, 33, , , 7
2024/2/26, 139, 31, , , 5
2024/2/27, 119, 39, , 1, 7
2024/2/28, 143, 42, , 1, 7
2024/2/29, 164, 42, , , 4
2024/3/1, 120, 21, , , 4
2024/3/2, 77, 18, , , 3
2024/3/3, 66, 23, , , 5
2024/3/4, 112, 29, , 1, 6
2024/3/5, 138, 37, , 2, 8
2024/3/6, 112, 37, , 3, 6
2024/3/7, 110, 28, , 1, 3
2024/3/8, 82, 30, , , 3
2024/3/9, 76, 12, , , 3
2024/3/10, 58, 16, , , 2
2024/3/11, 57, 20, , , 4
2024/3/12, 52, , , , 
2024/3/13, 50, , , , 
2024/3/14, 68, , , , 
2024/3/15, 177, , , , 
2024/3/16, 100, , , , 
2024/3/17, 58, , , , 
2024/3/18, 71, , , , 
2024/3/19, 45, , , , 
2024/3/20, 43, , , , 
2024/3/21, 77, , , , 
2024/3/22, 27, , , , 
2024/3/23, 55, , , , 
2024/3/24, 34, , , , 
2024/3/25, 21, , , , 
2024/3/26, 29, , , , 
2024/3/27, 22, , , , 
2024/3/28, 34, , , , 
2024/3/29, 95, , , , 
2024/3/30, 57, , , , 
2024/3/31, 93, , , , 
2023/10/1, 72, , , , 
2023/10/2, 85, , , , 
2023/10/3, 91, , , , 
2023/10/4, 64, , , , 
2023/10/5, 79, , , , 
2023/10/6, 71, , , , 
2023/10/7, 106, , , , 
2023/10/8, 121, , , , 
2023/10/9, 95, , , , 
2023/10/10, 94, , , , 
2023/10/11, 91, , , , 
2023/10/12, 115, , , , 
2023/10/13, 34, , , , 
2023/10/14, 59, , , , 
2023/10/15, 116, , , , 
2023/10/16, 128, , , , 
2023/10/17, 158, , , , 
2023/10/18, 147, 67, , 8, 7
2023/10/19, 130, 63, , 19, 7
2023/10/20, 115, 51, , 4, 5
2023/10/21, 91, 39, , 13, 3
2023/10/22, 95, 33, , 2, 4
2023/10/23, 80, 29, , 2, 4
2023/10/24, 90, 31, , 4, 6
2023/10/25, 78, 42, , 6, 6
2023/10/26, 84, 28, , 5, 3
2023/10/27, 77, 28, , 3, 5
2023/10/28, 76, 36, , 3, 5
2023/10/29, 77, 50, , 5, 6
2023/10/30, 99, 33, , 3, 5
2023/10/31, 73, 30, , 2, 6
2023/11/1, 90, 30, , 2, 5
2023/11/2, 90, 43, , 5, 7
2023/11/3, 132, 55, , 14, 11
2023/11/4, 138, 46, , 4, 8
2023/11/5, 107, 53, , 11, 9
2023/11/6, 138, 81, , 33, 12
2023/11/7, 159, 50, , 8, 7
2023/11/8, 118, 12, , 2, 2
2023/11/9, 54, 31, , 2, 6
2023/11/10, 94, 44, , 11, 7
2023/11/11, 103, 44, , 6, 4
2023/11/12, 92, 41, , 2, 6
2023/11/13, 106, 37, , 2, 9
2023/11/14, 105, 41, , 4, 12
2023/11/15, 111, 36, , 3, 8
2023/11/28, 196, 67, , 3, 7
2023/11/29, 244, 28, , 2, 2
2023/11/30, 72, 57, , 2, 8
2023/12/1, 162, , , , 
2023/12/2, 204, , , , 
2023/12/3, 198, , , , 
2023/12/4, 174, , , , 
2023/12/5, 209, 55, , 14, 9
2023/12/9, 102, 37, , 3, 8
2023/12/10, 155, 37, , 4, 8
2023/12/11, 143, 21, , 2, 4
2023/12/12, 110, 49, , 13, 8
2023/12/13, 182, 68, , 5, 23
2023/12/14, 242, 39, , 11, 18
2023/12/15, 163, 57, , 8, 11
2023/12/19, 120, 36, , 3, 6
2023/12/20, 149, 68, , 6, 19
2023/12/21, 240, 79, , 21, 17
2023/12/22, 292, 54, , 12, 16
2023/12/23, 199, 35, , 9, 5
2023/12/24, 134, 32, , 5, 3
2023/12/25, 144, 31, , 3, 3
2023/12/26, 154, 52, , 4, 6
2023/12/27, 194, 26, , 3, 4
2023/12/28, 105, 72, , 3, 3
2023/12/29, 172, 51, , 4, 5
2023/12/30, 179, 36, , 4, 9
2023/12/31, 156, 23, , 2, 6
2023/7/1, 76, 31, , , 3
2023/7/2, 122, 45, , 2, 3
2023/7/3, 125, 23, , , 1
2023/7/4, 58, 29, , 1, 3
2023/7/5, 67, 37, , 1, 2
2023/7/6, 85, 14, , , 1
2023/7/7, 38, 17, , , 2
2023/7/8, 57, 23, , 1, 2
2023/7/9, 60, 30, , 1, 2
2023/7/10, 77, 31, , 1, 3
2023/7/11, 85, 36, , 3, 4
2023/7/12, 97, 39, , 2, 5
2023/7/13, 97, 56, , 1, 4
2023/7/14, 99, 28, , , 1
2023/7/15, 66, 46, , 2, 2
2023/7/16, 92, 45, , 2, 3
2023/7/17, 71, 36, , , 3
2023/7/18, 86, 45, , , 2
2023/7/19, 62, 42, , 2, 2
2023/7/20, 62, 47, , , 2
2023/7/21, 72, 48, , 1, 4
2023/7/22, 83, , , , 
2023/7/23, 94, , , , 
2023/7/24, 82, 45, , 1, 2
2023/7/25, 71, 51, , 1, 4
2023/7/26, 87, 49, , 3, 3
2023/7/27, 88, 36, , , 2
2023/7/28, 67, 41, , 1, 2
2023/7/29, 77, 43, , 4, 2
2023/7/30, 81, 35, , 3, 2
2023/7/31, 68, 35, , 8, 3
2023/8/1, 61, 34, , 3, 2
2023/8/2, 47, 33, , 3, 2
2023/8/3, 49, 39, , 5, 3
2023/8/4, 57, 39, , 2, 4
2023/8/5, 52, 45, , 2, 4
2023/8/6, 72, 24, , 2, 2
2023/8/7, 46, 30, , 1, 2
2023/8/8, 49, 36, , 1, 3
2023/8/9, 64, 38, , 2, 3
2023/8/10, 56, 35, , , 2
2023/8/11, 49, 24, , , 2
2023/8/12, 38, 33, , 7, 2
2023/8/13, 49, 31, , 3, 2
2023/8/14, 42, 34, , 4, 3
2023/8/15, 48, 37, , 6, 4
2023/8/16, 67, 44, , 2, 4
2023/8/17, 75, 45, , 10, 3
2023/8/18, 78, 32, , 1, 2
2023/8/19, 51, 30, , 2, 2
2023/8/20, 45, 36, , 2, 3
2023/8/21, 54, 48, , 3, 4
2023/8/22, 77, 40, , 4, 4
2023/8/23, 67, 39, , 3, 3
2023/8/24, 68, 41, , 3, 3
2023/8/25, 54, 40, , 1, 2
2023/8/26, 58, 20, , 1, 1
2023/8/27, 53, 53, , 1, 1
2023/8/28, 67, 37, , 1, 3
2023/8/29, 60, 46, , 1, 5
2023/8/30, 58, 19, , , 2
2023/8/31, 42, 17, , , 2
2023/9/1, 42, 19, , , 2
2023/9/2, 48, 30, , 3, 3
2023/9/3, 62, 16, , 2, 3
2023/9/4, 41, 23, , 8, 2
2023/9/5, 40, 30, , 3, 3
2023/9/6, 62, 41, , 4, 4
2023/9/7, 96, 51, , 5, 5
2023/9/8, 81, 38, , 3, 3
2023/9/9, 68, 55, , 4, 4
2023/9/10, 89, 100, , 3, 4
2023/9/11, 130, 157, , 1, 2
2023/9/12, 113, 62, , 1, 2
2023/9/13, 45, 44, , 6, 3
2023/9/14, 57, 40, , 3, 4
2023/9/15, 57, 29, , 1, 4
2023/9/16, 58, , , , 
2023/9/17, 68, , , , 
2023/9/18, 68, 44, , 5, 3
2023/9/19, 69, , , , 
2023/9/20, 56, , , , 
2023/9/21, 49, , , , 
2023/9/22, 31, , , , 
2023/9/23, 62, , , , 
2023/9/24, 84, , , , 
2023/9/25, 83, , , , 
2023/9/26, 93, , , , 
2023/9/27, 90, , , , 
2023/9/28, 82, , , , 
2023/9/29, 61, , , , 
2023/9/30, 67, , , , 
2023/4/1, 96, 40, , 4, 5
2023/4/2, 98, 32, , 1, 4
2023/4/3, 90, , , , 
2023/4/4, 65, 14, , 1, 2
2023/4/5, 43, 17, , 2, 2
2023/4/6, 47, 59, , 2, 2
2023/4/7, 90, 57, , 2, 2
2023/4/8, 80, 30, , 2, 1
2023/4/9, 59, 23, , 1, 2
2023/4/10, 55, 30, , 1, 3
2023/4/11, 52, 39, , 1, 6
2023/4/12, 99, 36, , 3, 3
2023/4/13, 47, 52, , 1, 3
2023/4/14, 77, 39, , , 2
2023/4/15, 58, 45, , 3, 2
2023/4/16, 67, 54, , , 1
2023/4/17, 52, 41, , , 3
2023/4/18, 60, 42, , 10, 4
2023/4/19, 62, , , , 
2023/4/20, 78, , , , 
2023/4/21, 92, , , , 
2023/4/22, 96, 16, , , 4
2023/4/23, 61, , , 7, 2
2023/4/24, 58, 51, , 3, 5
2023/4/25, 80, 53, , 4, 3
2023/4/26, 78, 41, , 2, 2
2023/4/27, 72, 40, , , 2
2023/4/28, 63, 32, , , 3
2023/4/29, 50, 36, , , 4
2023/4/30, 56, 37, , 4, 3
2023/5/1, 56, 51, , , 3
2023/5/2, 72, 44, , , 2
2023/5/3, 57, , , , 
2023/5/4, 58, , , , 
2023/5/5, 64, , , , 
2023/5/6, 78, , , , 
2023/5/7, 68, 37, , 1, 2
2023/5/8, 61, 30, , 3, 2
2023/5/9, 65, 25, , 1, 
2023/5/10, 96, , , , 
2023/5/11, 78, 28, , , 2
2023/5/12, 84, , , , 
2023/5/13, 70, , , , 
2023/5/14, 64, , , , 
2023/5/15, 62, 87, , 10, 2
2023/5/16, 100, 47, , , 2
2023/5/17, 80, 45, , , 1
2023/5/18, 65, 41, , 3, 3
2023/5/19, 72, , , , 
2023/5/20, 78, , , , 
2023/5/21, 57, , , , 
2023/5/22, 43, , , , 
2023/5/23, 49, , , , 
2023/5/24, 50, , , , 
2023/5/25, 48, , , , 
2023/5/26, 64, , , , 
2023/5/27, 62, , , , 
2023/5/28, 49, 34, , 7, 1
2023/5/29, 65, 48, , 15, 2
2023/5/30, 73, 56, , 4, 2
2023/5/31, 77, 47, , , 2
2023/6/1, 71, , , , 
2023/6/2, 78, , , , 
2023/6/3, 73, , , , 
2023/6/4, 72, , , , 
2023/6/5, 49, , , , 
2023/6/6, 53, , , , 
2023/6/7, 50, , , , 
2023/6/8, 64, , , , 
2023/6/9, 79, , , , 
2023/6/10, 55, , , , 
2023/6/11, 136, , , , 
2023/6/12, 111, , , , 
2023/6/13, 79, , , , 
2023/6/14, 109, , , , 
2023/6/15, 109, , , , 
2023/6/16, 98, , , , 
2023/6/17, 93, , , , 
2023/6/18, 93, 63, , , 2
2023/6/19, 92, 79, , , 2
2023/6/20, 117, 63, , 1, 2
2023/6/21, 92, 24, , , 1
2023/6/22, 54, 21, , , 1
2023/6/23, 42, , , , 
2023/6/24, 50, , , , 
2023/6/25, 50, , , , 
2023/6/26, 93, , , , 
2023/6/27, 80, 24, , , 1
2023/6/28, 55, 29, , 7, 2
2023/6/29, 45, 31, , 2, 2
2023/6/30, 62, 39, , 2, 2
2023/1/2, 129, , , , 
2023/1/3, 111, , , , 
2023/1/4, 64, , , , 
2023/1/5, 30, , , , 
2023/1/6, 87, , , , 
2023/1/7, 62, , , , 
2023/1/8, 82, , , , 
2023/1/9, 90, , , , 
2023/1/10, 60, , , , 
2023/1/11, 109, , , , 
2023/1/12, 166, , , , 
2023/1/13, 208, , , , 
2023/1/14, 194, , , , 
2023/1/15, 190, , , , 
2023/1/16, 225, , , , 
2023/1/17, 207, , , , 
2023/1/18, 199, , , , 
2023/1/19, 216, , , , 
2023/1/20, 181, , , , 
2023/1/21, 206, , , , 
2023/1/22, 254, , , , 
2023/1/23, 236, , , , 
2023/1/24, 220, , , , 
2023/1/25, 215, , , , 
2023/1/26, 238, , , , 
2023/1/27, 217, , , , 
2023/1/28, 155, , , , 
2023/1/29, 234, , , , 
2023/1/30, 176, , , , 
2023/1/31, 99, , , , 
2023/2/1, 62, , , , 
2023/2/2, 77, , , , 
2023/2/3, 110, , , , 
2023/2/4, 69, , , , 
2023/2/5, 82, , , , 
2023/2/6, 111, , , , 
2023/2/7, 49, , , , 
2023/2/8, 67, , , , 
2023/2/9, 62, , , , 
2023/2/10, 56, 36, , 6, 3
2023/2/11, 84, , , 5, 4
2023/2/12, 103, 58, , 5, 6
2023/2/13, 97, 41, , 13, 7
2023/2/14, 118, 40, , 4, 7
2023/2/15, 108, 27, , 1, 11
2023/2/16, 126, 18, , 1, 8
2023/2/17, 77, 29, , 5, 5
2023/2/18, 92, 39, , 4, 5
2023/2/19, 107, 44, , 3, 6
2023/2/20, 70, 23, , 2, 3
2023/2/21, 58, 49, , 4, 5
2023/2/22, 85, 43, , 3, 4
2023/2/23, 77, 49, , 1, 4
2023/2/24, 90, 12, , 1, 2
2023/2/25, 43, 34, , 2, 4
2023/2/26, 116, 60, , 2, 6
2023/2/27, 114, 55, , 2, 3
2023/2/28, 79, 78, , 1, 3
2023/3/1, 62, 59, , 1, 2
2023/3/2, 50, 55, , 2, 4
2023/3/3, 83, 58, , 4, 4
2023/3/4, 110, 45, , 2, 3
2023/3/5, 66, 20, , 1, 2
2023/3/6, 50, 25, , 1, 2
2023/3/7, 48, 26, , 1, 2
2023/3/8, 50, 50, , 1, 4
2023/3/9, 89, 45, , 1, 4
2023/3/10, 62, 53, , 1, 2
2023/3/11, 74, 21, , 1, 2
2023/3/12, 49, 31, , 2, 5
2023/3/13, 87, 14, , 1, 3
2023/3/14, 35, , , , 
2023/3/15, 32, , , , 
2023/3/16, 60, , , , 
2023/3/17, 50, , , , 
2023/3/18, 91, , , , 
2023/3/19, 114, , , , 
2023/3/20, 101, , , , 
2023/3/21, 83, 21, , 1, 2
2023/3/22, 90, 14, , 1, 3
2023/3/23, 31, , , , 
2023/3/24, 72, , , , 
2023/3/25, 84, 51, , 4, 3
2023/3/26, 101, 43, , 4, 4
2023/3/27, 102, 38, , 2, 4
2023/3/28, 60, 37, , 1, 3
2023/3/29, 57, 37, , 2, 3
2023/3/30, 67, 39, , 3, 3
2023/3/31, 69, 49, , 3, 5
2022/10/28, 137, , , , 
2022/10/29, 86, , , , 
2022/10/30, 47, , , , 
2022/10/31, 75, , , , 
2022/11/1, 93, , , , 
2022/11/2, 54, , , , 
2022/11/3, 76, , , , 
2022/11/4, 68, , , , 
2022/11/5, 78, , , , 
2022/11/6, 93, , , , 
2022/11/7, 51, , , , 
2022/11/8, 36, , , , 
2022/11/9, 74, , , , 
2022/11/10, 131, , , , 
2022/11/11, 146, , , , 
2022/11/12, 135, , , , 
2022/11/13, 157, , , , 
2022/11/14, 123, , , , 
2022/11/15, 111, , , , 
2022/11/16, 45, , , , 
2022/11/17, 61, , , , 
2022/11/18, 56, , , , 
2022/11/19, 84, , , , 
2022/11/20, 79, , , , 
2022/11/21, 107, , , , 
2022/11/22, 71, , , , 
2022/11/23, 57, , , , 
2022/11/24, 67, , , , 
2022/11/25, 130, , , , 
2022/11/26, 172, , , , 
2022/11/27, 156, , , , 
2022/11/28, 149, , , , 
2022/11/29, 140, , , , 
2022/11/30, 96, , , , 
2022/12/1, 51, , , , 
2022/12/2, 98, , , , 
2022/12/7, 166, , , , 
2022/12/8, 128, , , , 
2022/12/9, 114, , , , 
2022/12/10, 178, , , , 
2022/12/11, 200, , , , 
2022/12/12, 233, , , , 
2022/12/13, 183, , , , 
2022/12/14, 136, , , , 
2022/12/15, 117, , , , 
2022/12/16, 105, , , , 
2022/12/17, 172, , , , 
2022/12/18, 177, , , , 
2022/12/19, 174, , , , 
2022/12/20, 157, , , , 
2022/12/21, 125, , , , 
2022/12/22, 117, , , , 
2022/12/23, 131, , , , 
2022/12/24, 161, , , , 
2022/12/25, 179, , , , 
2022/12/26, 134, , , , 
2022/12/27, 113, , , , 
2022/12/28, 172, , , , 
2022/12/29, 127, , , , 
2022/12/30, 142, , , , 
2022/12/31, 122, , , , 
2023/1/1, 128, , , , 
2022/7/1, 61, , , , 
2022/7/2, 73, , , , 
2022/7/3, 78, , , , 
2022/7/4, 99, , , , 
2022/7/5, 68, , , , 
2022/4/1, 77, , , , 
2022/4/2, 93, , , , 
2022/4/3, 98, , , , 
2022/4/4, 89, , , , 
2022/4/5, 86, , , , 
2022/4/6, 86, , , , 
2022/4/7, 95, , , , 
2022/4/8, 95, , , , 
2022/4/9, 117, , , , 
2022/4/10, 128, , , , 
2022/4/11, 118, , , , 
2022/4/12, 126, , , , 
2022/4/13, 107, , , , 
2022/4/14, 98, , , , 
2022/4/15, 113, , , , 
2022/4/21, 105, , , , 
2022/4/22, 93, , , , 
2022/4/23, 84, , , , 
2022/4/24, 122, , , , 
2022/4/26, 97, , , , 
2022/4/27, 74, , , , 
2022/4/28, 84, , , , 
2022/4/29, 92, , , , 
2022/4/30, 96, , , , 
2022/5/1, 83, , , , 
2022/5/2, 90, , , , 
2022/5/3, 85, , , , 
2022/5/4, 71, , , , 
2022/5/5, 60, , , , 
2022/5/6, 80, , , , 
2022/5/7, 68, , , , 
2022/5/8, 78, , , , 
2022/5/9, 107, , , , 
2022/5/10, 74, , , , 
2022/5/11, 72, , , , 
2022/5/12, 82, , , , 
2022/5/13, 81, , , , 
2022/5/14, 78, , , , 
2022/5/15, 73, , , , 
2022/5/16, 90, , , , 
2022/5/17, 86, , , , 
2022/5/18, 88, , , , 
2022/5/19, 80, , , , 
2022/5/20, 89, , , , 
2022/5/21, 89, , , , 
2022/5/22, 64, , , , 
2022/5/23, 77, , , , 
2022/5/24, 101, , , , 
2022/5/25, 78, , , , 
2022/5/26, 106, , , , 
2022/5/27, 106, , , , 
2022/5/28, 64, , , , 
2022/5/29, 64, , , , 
2022/5/30, 78, , , , 
2022/5/31, 78, , , , 
2022/6/1, 87, , , , 
2022/6/2, 80, , , , 
2022/6/3, 73, , , , 
2022/6/4, 63, , , , 
2022/6/5, 72, , , , 
2022/6/6, 70, , , , 
2022/6/7, 76, , , , 
2022/6/8, 89, , , , 
2022/6/9, 90, , , , 
2022/6/10, 81, , , , 
2022/6/11, 72, , , , 
2022/6/12, 83, , , , 
2022/6/13, 90, , , , 
2022/6/14, 71, , , , 
2022/6/15, 81, , , , 
2022/6/16, 77, , , , 
2022/6/17, 68, , , , 
2022/6/18, 61, , , , 
2022/6/19, 80, , , , 
2022/6/20, 82, , , , 
2022/6/21, 74, , , , 
2022/6/22, 89, , , , 
2022/6/23, 75, , , , 
2022/6/24, 106, , , , 
2022/6/25, 105, , , , 
2022/6/26, 103, , , , 
2022/6/27, 92, , , , 
2022/6/28, 81, , , , 
2022/6/29, 99, , , , 
2022/6/30, 106, , , , 
2022/1/3, 66, , , , 
2022/1/4, 82, , , , 
2022/1/5, 81, , , , 
2022/1/6, 116, , , , 
2022/1/7, 64, , , , 
2022/1/8, 131, , , , 
2022/1/9, 115, , , , 
2022/1/10, 137, , , , 
2022/1/11, 142, , , , 
2022/1/12, 108, , , , 
2022/1/13, 132, , , , 
2022/1/14, 71, , , , 
2022/1/15, 72, , , , 
2022/1/16, 82, , , , 
2022/1/17, 88, , , , 
2022/1/18, 103, , , , 
2022/1/19, 77, , , , 
2022/1/20, 80, , , , 
2022/1/21, 101, , , , 
2022/1/22, 103, , , , 
2022/1/23, 82, , , , 
2022/1/24, 129, , , , 
2022/1/25, 119, , , , 
2022/1/26, 154, , , , 
2022/1/27, 83, , , , 
2022/1/28, 110, , , , 
2022/1/29, 99, , , , 
2022/1/30, 124, , , , 
2022/1/31, 131, , , , 
2022/2/1, 96, , , , 
2022/2/2, 104, , , , 
2022/2/3, 142, , , , 
2022/2/4, 83, , , , 
2022/2/5, 126, , , , 
2022/2/6, 85, , , , 
2022/2/7, 79, , , , 
2022/2/8, 110, , , , 
2022/2/9, 99, , , , 
2022/2/10, 71, , , , 
2022/2/11, 77, , , , 
2022/2/12, 83, , , , 
2022/2/13, 89, , , , 
2022/2/14, 110, , , , 
2022/2/15, 92, , , , 
2022/2/16, 128, , , , 
2022/2/17, 98, , , , 
2022/2/18, 76, , , , 
2022/2/19, 71, , , , 
2022/2/20, 86, , , , 
2022/2/21, 88, , , , 
2022/2/22, 120, , , , 
2022/2/23, 141, , , , 
2022/2/24, 125, , , , 
2022/2/25, 121, , , , 
2022/2/26, 140, , , , 
2022/2/27, 85, , , , 
2022/2/28, 95, , , , 
2022/3/1, 83, , , , 
2022/3/2, 106, , , , 
2022/3/3, 93, , , , 
2022/3/4, 91, , , , 
2022/3/5, 107, , , , 
2022/3/6, 93, , , , 
2022/3/7, 83, , , , 
2022/3/8, 86, , , , 
2022/3/9, 86, , , , 
2022/3/10, 70, , , , 
2022/3/11, 75, , , , 
2022/3/12, 62, , , , 
2022/3/13, 77, , , , 
2022/3/14, 102, , , , 
2022/3/15, 77, , , , 
2022/3/16, 87, , , , 
2022/3/17, 87, , , , 
2022/3/18, 59, , , , 
2022/3/19, 87, , , , 
2022/3/20, 121, , , , 
2022/3/21, 126, , , , 
2022/3/22, 93, , , , 
2022/3/23, 69, , , , 
2022/3/24, 101, , , , 
2022/3/25, 85, , , , 
2022/3/26, 83, , , , 
2022/3/27, 93, , , , 
2022/3/28, 109, , , , 
2022/3/29, 89, , , , 
2022/3/30, 81, , , , 
2022/3/31, 88, , , , 
2021/10/1, 66, , , , 
2021/10/2, 79, , , , 
2021/10/3, 104, , , , 
2021/10/4, 126, , , , 
2021/10/5, 133, , , , 
2021/10/6, 132, , , , 
2021/10/7, 148, , , , 
2021/10/8, 149, , , , 
2021/10/9, 95, , , , 
2021/10/10, 99, , , , 
2021/10/11, 112, , , , 
2021/10/12, 109, , , , 
2021/10/13, 139, , , , 
2021/10/14, 140, , , , 
2021/10/15, 138, , , , 
2021/10/16, 141, , , , 
2021/10/17, 141, , , , 
2021/10/18, 144, , , , 
2021/10/19, 159, , , , 
2021/10/20, 162, , , , 
2021/10/21, 91, , , , 
2021/10/22, 78, , , , 
2021/10/23, 111, , , , 
2021/10/24, 140, , , , 
2021/10/25, 150, , , , 
2021/10/26, 150, , , , 
2021/10/27, 143, , , , 
2021/10/28, 98, , , , 
2021/10/29, 80, , , , 
2021/10/30, 119, , , , 
2021/10/31, 130, , , , 
2021/11/1, 138, , , , 
2021/11/2, 120, , , , 
2021/11/3, 141, , , , 
2021/11/4, 131, , , , 
2021/11/5, 629, , , , 
2021/11/6, 412, , , , 
2021/11/7, 265, , , , 
2021/11/8, 182, , , , 
2021/11/9, 179, , , , 
2021/11/10, 172, , , , 
2021/11/12, 163, , , , 
2021/11/13, 170, , , , 
2021/11/16, 91, , , , 
2021/11/17, 208, , , , 
2021/11/18, 125, , , , 
2021/11/19, 145, , , , 
2021/11/20, 159, , , , 
2021/11/21, 125, , , , 
2021/11/22, 134, , , , 
2021/11/23, 132, , , , 
2021/11/24, 155, , , , 
2021/11/25, 140, , , , 
2021/11/26, 74, , , , 
2021/11/27, 96, , , , 
2021/11/28, 133, , , , 
2021/11/29, 128, , , , 
2021/11/30, 124, , , , 
2021/12/1, 76, , , , 
2021/12/2, 75, , , , 
2021/12/3, 142, , , , 
2021/12/4, 180, , , , 
2021/12/5, 155, , , , 
2021/12/6, 170, , , , 
2021/12/7, 163, , , , 
2021/12/8, 186, , , , 
2021/12/9, 180, , , , 
2021/12/10, 154, , , , 
2021/12/11, 156, , , , 
2021/12/12, 169, , , , 
2021/12/13, 138, , , , 
2021/12/14, 62, , , , 
2021/12/15, 79, , , , 
2021/12/16, 120, , , , 
2021/12/17, 163, , , , 
2021/12/18, 128, , , , 
2021/12/19, 113, , , , 
2021/12/20, 89, , , , 
2021/12/21, 60, , , , 
2021/12/22, 120, , , , 
2021/12/23, 105, , , , 
2021/12/24, 125, , , , 
2021/12/25, 121, , , , 
2021/12/26, 84, , , , 
2021/12/27, 130, , , , 
2021/12/28, 136, , , , 
2021/12/29, 135, , , , 
2021/12/30, 151, , , , 
2021/12/31, 95, , , , 
2022/1/1, 99, , , , 
2022/1/2, 106, , , , 
2021/7/1, 83, , , , 
2021/7/2, 88, , , , 
2021/7/3, 87, , , , 
2021/7/4, 83, , , , 
2021/7/5, 104, , , , 
2021/7/6, 104, , , , 
2021/7/7, 98, , , , 
2021/7/8, 117, , , , 
2021/7/9, 152, , , , 
2021/7/10, 137, , , , 
2021/7/11, 139, , , , 
2021/7/12, 178, , , , 
2021/7/13, 119, , , , 
2021/7/14, 111, , , , 
2021/7/15, 97, , , , 
2021/7/16, 94, , , , 
2021/7/17, 105, , , , 
2021/7/18, 106, , , , 
2021/7/19, 98, , , , 
2021/7/20, 95, , , , 
2021/7/21, 96, , , , 
2021/7/22, 78, , , , 
2021/7/23, 84, , , , 
2021/7/24, 83, , , , 
2021/7/25, 94, , , , 
2021/7/26, 90, , , , 
2021/7/27, 101, , , , 
2021/7/28, 124, , , , 
2021/7/29, 92, , , , 
2021/7/30, 75, , , , 
2021/7/31, 87, , , , 
2021/8/1, 102, , , , 
2021/8/2, 99, , , , 
2021/8/3, 88, , , , 
2021/8/4, 125, , , , 
2021/8/5, 86, , , , 
2021/8/6, 92, , , , 
2021/8/7, 93, , , , 
2021/8/8, 115, , , , 
2021/8/9, 156, , , , 
2021/8/10, 99, , , , 
2021/8/11, 136, , , , 
2021/8/12, 132, , , , 
2021/8/13, 110, , , , 
2021/8/14, 107, , , , 
2021/8/15, 99, , , , 
2021/8/16, 114, , , , 
2021/8/17, 126, , , , 
2021/8/18, 131, , , , 
2021/8/19, 135, , , , 
2021/8/20, 131, , , , 
2021/8/21, 128, , , , 
2021/8/22, 127, , , , 
2021/8/23, 137, , , , 
2021/8/24, 119, , , , 
2021/8/25, 93, , , , 
2021/8/26, 98, , , , 
2021/8/27, 87, , , , 
2021/8/28, 95, , , , 
2021/8/29, 98, , , , 
2021/8/30, 97, , , , 
2021/8/31, 107, , , , 
2021/9/1, 87, , , , 
2021/9/2, 76, , , , 
2021/9/3, 94, , , , 
2021/9/4, 110, , , , 
2021/9/5, 99, , , , 
2021/9/6, 110, , , , 
2021/9/7, 112, , , , 
2021/9/8, 101, , , , 
2021/9/9, 85, , , , 
2021/9/10, 98, , , , 
2021/9/11, 90, , , , 
2021/9/12, 72, , , , 
2021/9/13, 83, , , , 
2021/9/14, 97, , , , 
2021/9/15, 104, , , , 
2021/9/16, 92, , , , 
2021/9/17, 95, , , , 
2021/9/18, 98, , , , 
2021/9/19, 104, , , , 
2021/9/20, 103, , , , 
2021/9/21, 117, , , , 
2021/9/22, 107, , , , 
2021/9/23, 83, , , , 
2021/9/24, 87, , , , 
2021/9/25, 113, , , , 
2021/9/26, 109, , , , 
2021/9/27, 148, , , , 
2021/9/28, 147, , , , 
2021/9/29, 113, , , , 
2021/9/30, 94, , , , 
2021/4/1, 62, , , , 
2021/4/2, 102, , , , 
2021/4/3, 91, , , , 
2021/4/4, 101, , , , 
2021/4/5, 115, , , , 
2021/4/6, 106, , , , 
2021/4/7, 108, , , , 
2021/4/8, 82, , , , 
2021/4/9, 81, , , , 
2021/4/10, 86, , , , 
2021/4/11, 100, , , , 
2021/4/12, 89, , , , 
2021/4/13, 139, , , , 
2021/4/14, 83, , , , 
2021/4/15, 95, , , , 
2021/4/16, 103, , , , 
2021/4/17, 84, , , , 
2021/4/18, 107, , , , 
2021/4/19, 82, , , , 
2021/4/20, 108, , , , 
2021/4/21, 61, , , , 
2021/4/22, 87, , , , 
2021/4/23, 93, , , , 
2021/4/24, 96, , , , 
2021/4/25, 76, , , , 
2021/4/26, 85, , , , 
2021/4/27, 78, , , , 
2021/4/28, 72, , , , 
2021/4/29, 94, , , , 
2021/4/30, 89, , , , 
2021/5/1, 81, , , , 
2021/5/2, 92, , , , 
2021/5/3, 73, , , , 
2021/5/4, 97, , , , 
2021/5/5, 113, , , , 
2021/5/9, 78, , , , 
2021/5/10, 76, , , , 
2021/5/11, 92, , , , 
2021/5/12, 74, , , , 
2021/5/13, 73, , , , 
2021/5/14, 77, , , , 
2021/5/15, 85, , , , 
2021/5/16, 94, , , , 
2021/5/17, 85, , , , 
2021/5/18, 79, , , , 
2021/5/19, 85, , , , 
2021/5/20, 69, , , , 
2021/5/21, 63, , , , 
2021/5/22, 75, , , , 
2021/5/23, 84, , , , 
2021/5/24, 93, , , , 
2021/5/25, 95, , , , 
2021/5/26, 82, , , , 
2021/5/27, 76, , , , 
2021/5/28, 73, , , , 
2021/5/29, 76, , , , 
2021/5/30, 71, , , , 
2021/5/31, 69, , , , 
2021/6/1, 82, , , , 
2021/6/2, 81, , , , 
2021/6/3, 81, , , , 
2021/6/4, 81, , , , 
2021/6/5, 77, , , , 
2021/6/7, 125, , , , 
2021/6/8, 119, , , , 
2021/6/9, 96, , , , 
2021/6/10, 83, , , , 
2021/6/11, 82, , , , 
2021/6/12, 82, , , , 
2021/6/13, 90, , , , 
2021/6/14, 85, , , , 
2021/6/15, 101, , , , 
2021/6/16, 94, , , , 
2021/6/17, 75, , , , 
2021/6/18, 87, , , , 
2021/6/19, 97, , , , 
2021/6/20, 86, , , , 
2021/6/21, 97, , , , 
2021/6/22, 89, , , , 
2021/6/23, 90, , , , 
2021/6/24, 94, , , , 
2021/6/25, 89, , , , 
2021/6/26, 94, , , , 
2021/6/27, 103, , , , 
2021/6/28, 87, , , , 
2021/6/29, 104, , , , 
2021/6/30, 112, , , , 
2021/1/4, 162, , , , 
2021/1/5, 141, , , , 
2021/1/6, 114, , , , 
2021/1/7, 110, , , , 
2021/1/8, 122, , , , 
2021/1/9, 174, , , , 
2021/1/10, 154, , , , 
2021/1/11, 160, , , , 
2021/1/12, 151, , , , 
2021/1/13, 167, , , , 
2021/1/14, 159, , , , 
2021/1/15, 188, , , , 
2021/1/18, 144, , , , 
2021/1/19, 109, , , , 
2021/1/20, 82, , , , 
2021/1/21, 85, , , , 
2021/1/22, 73, , , , 
2021/1/23, 89, , , , 
2021/1/24, 88, , , , 
2021/1/25, 149, , , , 
2021/1/26, 142, , , , 
2021/1/27, 166, , , , 
2021/1/28, 131, , , , 
2021/1/29, 139, , , , 
2021/1/30, 128, , , , 
2021/1/31, 101, , , , 
2021/2/1, 124, , , , 
2021/2/2, 138, , , , 
2021/2/3, 146, , , , 
2021/2/4, 122, , , , 
2021/2/5, 124, , , , 
2021/2/6, 150, , , , 
2021/2/7, 115, , , , 
2021/2/8, 97, , , , 
2021/2/9, 113, , , , 
2021/2/10, 123, , , , 
2021/2/11, 122, , , , 
2021/2/12, 98, , , , 
2021/2/13, 90, , , , 
2021/2/14, 81, , , , 
2021/2/15, 67, , , , 
2021/2/16, 77, , , , 
2021/2/17, 82, , , , 
2021/2/18, 76, , , , 
2021/2/19, 112, , , , 
2021/2/20, 65, , , , 
2021/2/21, 86, , , , 
2021/2/22, 99, , , , 
2021/2/23, 100, , , , 
2021/2/24, 72, , , , 
2021/2/25, 82, , , , 
2021/2/26, 126, , , , 
2021/2/27, 125, , , , 
2021/2/28, 81, , , , 
2021/3/1, 106, , , , 
2021/3/2, 133, , , , 
2021/3/3, 116, , , , 
2021/3/4, 108, , , , 
2021/3/5, 76, , , , 
2021/3/6, 88, , , , 
2021/3/7, 72, , , , 
2021/3/8, 110, , , , 
2021/3/9, 78, , , , 
2021/3/10, 89, , , , 
2021/3/11, 93, , , , 
2021/3/12, 101, , , , 
2021/3/13, 84, , , , 
2021/3/14, 94, , , , 
2021/3/15, 114, , , , 
2021/3/16, 139, , , , 
2021/3/17, 152, , , , 
2021/3/18, 129, , , , 
2021/3/19, 87, , , , 
2021/3/20, 81, , , , 
2021/3/21, 87, , , , 
2021/3/22, 113, , , , 
2021/3/23, 85, , , , 
2021/3/24, 117, , , , 
2021/3/25, 97, , , , 
2021/3/26, 110, , , , 
2021/3/27, 114, , , , 
2021/3/28, 83, , , , 
2021/3/29, 69, , , , 
2021/3/30, 81, , , , 
2021/3/31, 80, , , , 
2020/10/1, 79, , , , 
2020/10/2, 93, , , , 
2020/10/3, 93, , , , 
2020/10/4, 92, , , , 
2020/10/5, 87, , , , 
2020/10/6, 99, , , , 
2020/10/7, 107, , , , 
2020/10/8, 118, , , , 
2020/10/9, 115, , , , 
2020/10/10, 132, , , , 
2020/10/14, 122, , , , 
2020/10/15, 152, , , , 
2020/10/16, 151, , , , 
2020/10/17, 154, , , , 
2020/10/18, 143, , , , 
2020/10/19, 159, , , , 
2020/10/20, 165, , , , 
2020/10/21, 155, , , , 
2020/10/22, 116, , , , 
2020/10/23, 94, , , , 
2020/10/24, 110, , , , 
2020/10/25, 147, , , , 
2020/10/26, 140, , , , 
2020/10/27, 123, , , , 
2020/10/28, 76, , , , 
2020/10/29, 137, , , , 
2020/10/30, 163, , , , 
2020/10/31, 159, , , , 
2020/11/1, 149, , , , 
2020/11/2, 137, , , , 
2020/11/3, 155, , , , 
2020/11/4, 178, , , , 
2020/11/5, 171, , , , 
2020/11/6, 156, , , , 
2020/11/7, 104, , , , 
2020/11/8, 137, , , , 
2020/11/9, 77, , , , 
2020/11/10, 120, , , , 
2020/11/11, 163, , , , 
2020/11/12, 85, , , , 
2020/11/13, 64, , , , 
2020/11/14, 80, , , , 
2020/11/15, 125, , , , 
2020/11/16, 122, , , , 
2020/11/17, 79, , , , 
2020/11/18, 84, , , , 
2020/11/19, 102, , , , 
2020/11/20, 143, , , , 
2020/11/21, 157, , , , 
2020/11/22, 123, , , , 
2020/11/23, 137, , , , 
2020/11/24, 163, , , , 
2020/11/25, 169, , , , 
2020/11/26, 152, , , , 
2020/11/27, 102, , , , 
2020/11/28, 115, , , , 
2020/11/29, 110, , , , 
2020/11/30, 143, , , , 
2020/12/1, 161, , , , 
2020/12/2, 150, , , , 
2020/12/3, 163, , , , 
2020/12/4, 129, , , , 
2020/12/5, 140, , , , 
2020/12/6, 146, , , , 
2020/12/7, 143, , , , 
2020/12/8, 156, , , , 
2020/12/9, 155, , , , 
2020/12/10, 159, , , , 
2020/12/11, 174, , , , 
2020/12/12, 159, , , , 
2020/12/13, 147, , , , 
2020/12/14, 138, , , , 
2020/12/15, 136, , , , 
2020/12/16, 135, , , , 
2020/12/17, 145, , , , 
2020/12/18, 120, , , , 
2020/12/19, 129, , , , 
2020/12/20, 93, , , , 
2020/12/21, 106, , , , 
2020/12/22, 140, , , , 
2020/12/23, 130, , , , 
2020/12/24, 148, , , , 
2020/12/25, 118, , , , 
2020/12/26, 82, , , , 
2020/12/27, 101, , , , 
2020/12/28, 149, , , , 
2020/12/29, 145, , , , 
2020/12/30, 171, , , , 
2020/12/31, 170, , , , 
2021/1/1, 176, , , , 
2021/1/2, 176, , , , 
2021/1/3, 180, , , , 
2020/7/1, 85, , , , 
2020/7/2, 93, , , , 
2020/7/3, 55, , , , 
2020/7/4, 68, , , , 
2020/7/5, 80, , , , 
2020/7/6, 61, , , , 
2020/7/7, 83, , , , 
2020/7/8, 107, , , , 
2020/7/9, 98, , , , 
2020/7/10, 66, , , , 
2020/7/11, 78, , , , 
2020/7/12, 87, , , , 
2020/7/13, 86, , , , 
2020/7/14, 72, , , , 
2020/7/15, 76, , , , 
2020/7/16, 79, , , , 
2020/7/17, 71, , , , 
2020/7/18, 70, , , , 
2020/7/23, 85, , , , 
2020/7/24, 80, , , , 
2020/7/25, 71, , , , 
2020/7/26, 76, , , , 
2020/7/27, 70, , , , 
2020/7/28, 86, , , , 
2020/7/29, 69, , , , 
2020/7/30, 72, , , , 
2020/7/31, 81, , , , 
2020/8/1, 82, , , , 
2020/8/2, 69, , , , 
2020/8/3, 81, , , , 
2020/8/4, 82, , , , 
2020/8/5, 77, , , , 
2020/8/6, 86, , , , 
2020/8/7, 92, , , , 
2020/8/8, 83, , , , 
2020/8/9, 80, , , , 
2020/8/10, 81, , , , 
2020/8/11, 92, , , , 
2020/8/12, 87, , , , 
2020/8/13, 91, , , , 
2020/8/14, 78, , , , 
2020/8/15, 78, , , , 
2020/8/16, 94, , , , 
2020/8/17, 93, , , , 
2020/8/18, 69, , , , 
2020/8/19, 80, , , , 
2020/8/20, 76, , , , 
2020/8/21, 76, , , , 
2020/8/22, 79, , , , 
2020/8/23, 88, , , , 
2020/8/24, 126, , , , 
2020/8/25, 186, , , , 
2020/8/26, 101, , , , 
2020/8/27, 100, , , , 
2020/8/28, 92, , , , 
2020/8/29, 101, , , , 
2020/8/30, 101, , , , 
2020/8/31, 93, , , , 
2020/9/1, 79, , , , 
2020/9/2, 78, , , , 
2020/9/3, 76, , , , 
2020/9/4, 81, , , , 
2020/9/5, 86, , , , 
2020/9/6, 66, , , , 
2020/9/7, 84, , , , 
2020/9/8, 102, , , , 
2020/9/9, 116, , , , 
2020/9/10, 118, , , , 
2020/9/11, 108, , , , 
2020/9/12, 93, , , , 
2020/9/13, 92, , , , 
2020/9/14, 105, , , , 
2020/9/15, 86, , , , 
2020/9/16, 91, , , , 
2020/9/17, 93, , , , 
2020/9/18, 72, , , , 
2020/9/20, 93, , , , 
2020/9/21, 91, , , , 
2020/9/22, 87, , , , 
2020/9/23, 92, , , , 
2020/9/24, 85, , , , 
2020/9/25, 103, , , , 
2020/9/26, 129, , , , 
2020/9/27, 131, , , , 
2020/9/28, 134, , , , 
2020/9/29, 130, , , , 
2020/9/30, 89, , , , 
2020/4/1, 60, , , , 
2020/4/2, 60, , , , 
2020/4/3, 73, , , , 
2020/4/4, 68, , , , 
2020/4/5, 73, , , , 
2020/4/6, 88, , , , 
2020/4/7, 80, , , , 
2020/4/8, 60, , , , 
2020/4/9, 63, , , , 
2020/4/10, 119, , , , 
2020/4/11, 66, , , , 
2020/4/12, 53, , , , 
2020/4/13, 53, , , , 
2020/4/14, 57, , , , 
2020/4/15, 63, , , , 
2020/4/16, 60, , , , 
2020/4/17, 80, , , , 
2020/4/18, 63, , , , 
2020/4/19, 67, , , , 
2020/4/20, 77, , , , 
2020/4/21, 77, , , , 
2020/4/22, 72, , , , 
2020/4/23, 70, , , , 
2020/4/24, 73, , , , 
2020/4/25, 73, , , , 
2020/4/26, 77, , , , 
2020/4/27, 82, , , , 
2020/4/28, 118, , , , 
2020/4/29, 76, , , , 
2020/4/30, 53, , , , 
2020/5/1, 67, , , , 
2020/5/2, 71, , , , 
2020/5/3, 72, , , , 
2020/5/4, 58, , , , 
2020/5/5, 61, , , , 
2020/5/6, 60, , , , 
2020/5/7, 70, , , , 
2020/5/8, 62, , , , 
2020/5/9, 59, , , , 
2020/5/10, 69, , , , 
2020/5/11, 67, , , , 
2020/5/12, 73, , , , 
2020/5/13, 64, , , , 
2020/5/14, 51, , , , 
2020/5/15, 57, , , , 
2020/5/16, 68, , , , 
2020/5/17, 67, , , , 
2020/5/18, 75, , , , 
2020/5/19, 73, , , , 
2020/5/20, 68, , , , 
2020/5/21, 61, , , , 
2020/5/22, 65, , , , 
2020/5/23, 73, , , , 
2020/5/24, 82, , , , 
2020/5/25, 98, , , , 
2020/5/26, 104, , , , 
2020/5/27, 95, , , , 
2020/5/28, 89, , , , 
2020/5/29, 86, , , , 
2020/5/30, 74, , , , 
2020/5/31, 77, , , , 
2020/6/1, 70, , , , 
2020/6/2, 59, , , , 
2020/6/3, 71, , , , 
2020/6/4, 84, , , , 
2020/6/5, 75, , , , 
2020/6/6, 70, , , , 
2020/6/7, 74, , , , 
2020/6/8, 74, , , , 
2020/6/9, 60, , , , 
2020/6/10, 55, , , , 
2020/6/11, 67, , , , 
2020/6/12, 68, , , , 
2020/6/13, 69, , , , 
2020/6/14, 76, , , , 
2020/6/15, 75, , , , 
2020/6/16, 69, , , , 
2020/6/17, 63, , , , 
2020/6/18, 73, , , , 
2020/6/19, 77, , , , 
2020/6/20, 69, , , , 
2020/6/21, 83, , , , 
2020/6/22, 84, , , , 
2020/6/23, 71, , , , 
2020/6/24, 66, , , , 
2020/6/25, 69, , , , 
2020/6/26, 99, , , , 
2020/6/27, 79, , , , 
2020/6/28, 67, , , , 
2020/6/29, 66, , , , 
2020/6/30, 93, , , , 
2020/1/1, 131, , , , 
2020/1/2, 130, , , , 
2020/1/3, 135, , , , 
2020/1/4, 80, , , , 
2020/1/5, 82, , , , 
2020/1/6, 90, , , , 
2020/1/7, 69, , , , 
2020/1/8, 87, , , , 
2020/1/9, 68, , , , 
2020/1/10, 113, , , , 
2020/1/11, 113, , , , 
2020/1/12, 120, , , , 
2020/1/13, 73, , , , 
2020/1/14, 109, , , , 
2020/1/15, 149, , , , 
2020/1/16, 142, , , , 
2020/1/17, 137, , , , 
2020/1/18, 186, , , , 
2020/1/19, 179, , , , 
2020/1/20, 143, , , , 
2020/1/21, 144, , , , 
2020/1/22, 139, , , , 
2020/1/23, 112, , , , 
2020/1/24, 110, , , , 
2020/1/25, 135, , , , 
2020/1/26, 106, , , , 
2020/1/27, 140, , , , 
2020/1/28, 152, , , , 
2020/1/29, 124, , , , 
2020/1/30, 108, , , , 
2020/1/31, 103, , , , 
2020/2/1, 56, , , , 
2020/2/2, 68, , , , 
2020/2/3, 127, , , , 
2020/2/4, 101, , , , 
2020/2/5, 93, , , , 
2020/2/6, 121, , , , 
2020/2/7, 99, , , , 
2020/2/8, 68, , , , 
2020/2/9, 103, , , , 
2020/2/10, 92, , , , 
2020/2/11, 100, , , , 
2020/2/12, 125, , , , 
2020/2/13, 101, , , , 
2020/2/14, 87, , , , 
2020/2/15, 96, , , , 
2020/2/16, 65, , , , 
2020/2/17, 106, , , , 
2020/2/18, 75, , , , 
2020/2/19, 117, , , , 
2020/2/20, 147, , , , 
2020/2/21, 138, , , , 
2020/2/22, 92, , , , 
2020/2/23, 115, , , , 
2020/2/24, 107, , , , 
2020/2/25, 88, , , , 
2020/2/26, 79, , , , 
2020/2/27, 66, , , , 
2020/2/28, 131, , , , 
2020/2/29, 126, , , , 
2020/3/1, 123, , , , 
2020/3/2, 113, , , , 
2020/3/3, 96, , , , 
2020/3/4, 113, , , , 
2020/3/5, 84, , , , 
2020/3/6, 81, , , , 
2020/3/7, 96, , , , 
2020/3/8, 124, , , , 
2020/3/9, 131, , , , 
2020/3/10, 131, , , , 
2020/3/11, 132, , , , 
2020/3/12, 163, , , , 
2020/3/13, 138, , , , 
2020/3/14, 129, , , , 
2020/3/15, 91, , , , 
2020/3/16, 76, , , , 
2020/3/17, 102, , , , 
2020/3/18, 132, , , , 
2020/3/19, 98, , , , 
2020/3/20, 110, , , , 
2020/3/21, 87, , , , 
2020/3/22, 91, , , , 
2020/3/23, 147, , , , 
2020/3/24, 119, , , , 
2020/3/25, 110, , , , 
2020/3/26, 112, , , , 
2020/3/27, 125, , , , 
2020/3/28, 100, , , , 
2020/3/29, 95, , , , 
2020/3/30, 86, , , , 
2020/3/31, 90, , , , 
2019/10/1, 101, , , , 
2019/10/2, 122, , , , 
2019/10/3, 102, , , , 
2019/10/4, 118, , , , 
2019/10/5, 105, , , , 
2019/10/6, 127, , , , 
2019/10/7, 147, , , , 
2019/10/8, 114, , , , 
2019/10/9, 126, , , , 
2019/10/10, 140, , , , 
2019/10/11, 133, , , , 
2019/10/12, 141, , , , 
2019/10/13, 125, , , , 
2019/10/14, 106, , , , 
2019/10/15, 79, , , , 
2019/10/16, 90, , , , 
2019/10/17, 92, , , , 
2019/10/18, 88, , , , 
2019/10/19, 112, , , , 
2019/10/20, 119, , , , 
2019/10/21, 105, , , , 
2019/10/22, 105, , , , 
2019/10/23, 84, , , , 
2019/10/24, 93, , , , 
2019/10/25, 125, , , , 
2019/10/26, 144, , , , 
2019/10/27, 135, , , , 
2019/10/28, 132, , , , 
2019/10/29, 109, , , , 
2019/10/30, 91, , , , 
2019/10/31, 97, , , , 
2019/11/1, 73, , , , 
2019/11/2, 81, , , , 
2019/11/3, 125, , , , 
2019/11/4, 97, , , , 
2019/11/5, 75, , , , 
2019/11/6, 118, , , , 
2019/11/7, 135, , , , 
2019/11/8, 155, , , , 
2019/11/9, 173, , , , 
2019/11/10, 150, , , , 
2019/11/11, 121, , , , 
2019/11/12, 167, , , , 
2019/11/13, 178, , , , 
2019/11/14, 174, , , , 
2019/11/15, 170, , , , 
2019/11/16, 190, , , , 
2019/11/17, 186, , , , 
2019/11/18, 207, , , , 
2019/11/19, 202, , , , 
2019/11/20, 204, , , , 
2019/11/21, 149, , , , 
2019/11/22, 111, , , , 
2019/11/23, 112, , , , 
2019/11/24, 102, , , , 
2019/11/25, 107, , , , 
2019/11/26, 154, , , , 
2019/11/27, 182, , , , 
2019/11/28, 177, , , , 
2019/11/29, 167, , , , 
2019/11/30, 138, , , , 
2019/12/1, 91, , , , 
2019/12/2, 82, , , , 
2019/12/3, 78, , , , 
2019/12/4, 106, , , , 
2019/12/5, 151, , , , 
2019/12/6, 88, , , , 
2019/12/7, 149, , , , 
2019/12/8, 153, , , , 
2019/12/9, 160, , , , 
2019/12/10, 115, , , , 
2019/12/11, 95, , , , 
2019/12/12, 144, , , , 
2019/12/13, 76, , , , 
2019/12/14, 71, , , , 
2019/12/15, 110, , , , 
2019/12/16, 95, , , , 
2019/12/17, 91, , , , 
2019/12/18, 107, , , , 
2019/12/19, 119, , , , 
2019/12/20, 136, , , , 
2019/12/21, 68, , , , 
2019/12/22, 72, , , , 
2019/12/23, 96, , , , 
2019/12/24, 107, , , , 
2019/12/25, 78, , , , 
2019/12/26, 76, , , , 
2019/12/27, 115, , , , 
2019/12/28, 103, , , , 
2019/12/29, 101, , , , 
2019/7/1, 107, , , , 
2019/7/2, 116, , , , 
2019/7/3, 81, , , , 
2019/7/4, 88, , , , 
2019/7/5, 132, , , , 
2019/7/6, 143, , , , 
2019/7/7, 100, , , , 
2019/7/8, 138, , , , 
2019/7/9, 95, , , , 
2019/7/10, 117, , , , 
2019/7/11, 124, , , , 
2019/7/12, 114, , , , 
2019/7/13, 126, , , , 
2019/7/14, 85, , , , 
2019/7/15, 94, , , , 
2019/7/16, 133, , , , 
2019/7/17, 139, , , , 
2019/7/18, 117, , , , 
2019/7/19, 147, , , , 
2019/7/20, 139, , , , 
2019/7/21, 130, , , , 
2019/7/22, 122, , , , 
2019/7/23, 126, , , , 
2019/7/24, 107, , , , 
2019/7/25, 118, , , , 
2019/7/26, 127, , , , 
2019/7/27, 129, , , , 
2019/7/28, 132, , , , 
2019/7/29, 138, , , , 
2019/7/30, 143, , , , 
2019/7/31, 148, , , , 
2019/8/1, 128, , , , 
2019/8/2, 132, , , , 
2019/8/3, 105, , , , 
2019/8/4, 106, , , , 
2019/8/5, 122, , , , 
2019/8/6, 162, , , , 
2019/8/7, 162, , , , 
2019/8/8, 150, , , , 
2019/8/9, 125, , , , 
2019/8/10, 102, , , , 
2019/8/11, 134, , , , 
2019/8/12, 154, , , , 
2019/8/13, 90, , , , 
2019/8/14, 96, , , , 
2019/8/15, 94, , , , 
2019/8/16, 86, , , , 
2019/8/17, 79, , , , 
2019/8/18, 96, , , , 
2019/8/21, 131, , , , 
2019/8/22, 118, , , , 
2019/8/23, 115, , , , 
2019/8/24, 131, , , , 
2019/8/25, 124, , , , 
2019/8/26, 104, , , , 
2019/8/27, 101, , , , 
2019/8/28, 112, , , , 
2019/9/9, 85, , , , 
2019/9/10, 70, , , , 
2019/9/11, 76, , , , 
2019/9/12, 106, , , , 
2019/9/13, 126, , , , 
2019/9/14, 99, , , , 
2019/9/15, 91, , , , 
2019/9/16, 99, , , , 
2019/9/17, 109, , , , 
2019/9/18, 98, , , , 
2019/9/19, 120, , , , 
2019/9/20, 122, , , , 
2019/9/21, 140, , , , 
2019/9/22, 120, , , , 
2019/9/23, 112, , , , 
2019/9/24, 138, , , , 
2019/9/25, 145, , , , 
2019/9/26, 160, , , , 
2019/9/27, 164, , , , 
2019/9/28, 141, , , , 
2019/9/29, 119, , , , 
2019/9/30, 77, , , , 
2019/4/1, 49, , , , 
2019/4/2, 79, , , , 
2019/4/3, 54, , , , 
2019/4/4, 74, , , , 
2019/4/5, 67, , , , 
2019/4/6, 38, , , , 
2019/4/7, 67, , , , 
2019/4/8, 85, , , , 
2019/4/9, 69, , , , 
2019/4/10, 45, , , , 
2019/4/11, 83, , , , 
2019/4/12, 60, , , , 
2019/4/13, 78, , , , 
2019/4/14, 89, , , , 
2019/4/15, 57, , , , 
2019/4/16, 44, , , , 
2019/4/17, 60, , , , 
2019/4/18, 57, , , , 
2019/4/19, 7, , , , 
2019/6/3, 67, , , , 
2019/6/4, 73, , , , 
2019/6/5, 84, , , , 
2019/6/6, 75, , , , 
2019/6/7, 93, , , , 
2019/6/8, 80, , , , 
2019/6/9, 99, , , , 
2019/6/10, 71, , , , 
2019/6/11, 83, , , , 
2019/6/12, 96, , , , 
2019/6/13, 99, , , , 
2019/6/14, 106, , , , 
2019/6/15, 91, , , , 
2019/6/16, 144, , , , 
2019/6/17, 92, , , , 
2019/6/18, 67, , , , 
2019/6/19, 84, , , , 
2019/6/20, 102, , , , 
2019/6/21, 113, , , , 
2019/6/22, 106, , , , 
2019/6/23, 86, , , , 
2019/6/24, 97, , , , 
2019/6/25, 117, , , , 
2019/6/26, 131, , , , 
2019/6/27, 121, , , , 
2019/6/28, 98, , , , 
2019/6/29, 106, , , , 
2019/6/30, 104, , , , 
2019/1/1, 160, , , , 
2019/1/2, 146, , , , 
2019/1/3, 137, , , , 
2019/1/4, 104, , , , 
2019/1/5, 123, , , , 
2019/1/6, 77, , , , 
2019/1/7, 60, , , , 
2019/1/8, 77, , , , 
2019/1/9, 79, , , , 
2019/1/10, 58, , , , 
2019/1/11, 80, , , , 
2019/1/12, 74, , , , 
2019/1/13, 35, , , , 
2019/1/14, 27, , , , 
2019/1/15, 78, , , , 
2019/1/16, 135, , , , 
2019/1/17, 34, , , , 
2019/1/18, 49, , , , 
2019/1/19, 81, , , , 
2019/1/20, 62, , , , 
2019/1/21, 72, , , , 
2019/1/22, 125, , , , 
2019/1/23, 106, , , , 
2019/1/24, 120, , , , 
2019/1/25, 58, , , , 
2019/1/26, 84, , , , 
2019/1/27, 40, , , , 
2019/1/28, 32, , , , 
2019/1/29, 61, , , , 
2019/1/30, 133, , , , 
2019/1/31, 76, , , , 
2019/2/1, 106, , , , 
2019/2/2, 96, , , , 
2019/2/3, 57, , , , 
2019/2/4, 84, , , , 
2019/2/5, 126, , , , 
2019/2/6, 71, , , , 
2019/2/7, 100, , , , 
2019/2/8, 123, , , , 
2019/2/9, 118, , , , 
2019/2/10, 124, , , , 
2019/2/11, 79, , , , 
2019/2/12, 111, , , , 
2019/2/13, 134, , , , 
2019/2/14, 47, , , , 
2019/2/15, 73, , , , 
2019/2/16, 33, , , , 
2019/2/17, 60, , , , 
2019/2/18, 77, , , , 
2019/2/19, 81, , , , 
2019/2/20, 61, , , , 
2019/2/21, 125, , , , 
2019/2/22, 103, , , , 
2019/2/23, 78, , , , 
2019/2/24, 93, , , , 
2019/2/25, 123, , , , 
2019/2/26, 106, , , , 
2019/2/27, 85, , , , 
2019/2/28, 96, , , , 
2019/3/1, 84, , , , 
2019/3/2, 77, , , , 
2019/3/3, 70, , , , 
2019/3/4, 77, , , , 
2019/3/5, 114, , , , 
2019/3/6, 151, , , , 
2019/3/7, 164, , , , 
2019/3/8, 119, , , , 
2019/3/9, 66, , , , 
2019/3/10, 95, , , , 
2019/3/11, 90, , , , 
2019/3/12, 87, , , , 
2019/3/13, 52, , , , 
2019/3/14, 87, , , , 
2019/3/15, 60, , , , 
2019/3/16, 57, , , , 
2019/3/17, 84, , , , 
2019/3/18, 53, , , , 
2019/3/19, 78, , , , 
2019/3/20, 96, , , , 
2019/3/21, 86, , , , 
2019/3/22, 85, , , , 
2019/3/23, 92, , , , 
2019/3/24, 95, , , , 
2019/3/25, 78, , , , 
2019/3/26, 52, , , , 
2019/3/27, 61, , , , 
2019/3/28, 68, , , , 
2019/3/29, 61, , , , 
2019/3/30, 56, , , , 
2019/3/31, 90, , , , 
2018/11/26, 90, , , , 
2018/11/27, 90, , , , 
2018/11/28, 101, , , , 
2018/11/29, 116, , , , 
2018/11/30, 58, , , , 
2018/12/1, 74, , , , 
2018/12/2, 173, , , , 
2018/12/3, 201, , , , 
2018/12/4, 184, , , , 
2018/12/7, 126, , , , 
2018/12/8, 134, , , , 
2018/12/9, 120, , , , 
2018/12/10, 135, , , , 
2018/12/11, 99, , , , 
2018/12/12, 125, , , , 
2018/12/13, 32, , , , 
2018/12/14, 27, , , , 
2018/12/15, 25, , , , 
2018/12/17, 151, , , , 
2018/12/18, 78, , , , 
2018/12/19, 80, , , , 
2018/12/20, 82, , , , 
2018/12/21, 139, , , , 
2018/12/22, 129, , , , 
2018/12/23, 160, , , , 
2018/12/24, 156, , , , 
2018/12/25, 98, , , , 
2018/12/26, 147, , , , 
2018/12/27, 49, , , , 
2018/12/28, 38, , , , 
2018/12/29, 100, , , , 
2018/12/30, 67, , , , 
2023/11/16, , 32, , 2, 4
2023/11/17, , 90, , 5, 6
2023/11/18, , 81, , 2, 4
2023/11/19, , 58, , 3, 8
2023/11/20, , 30, , 2, 4
2023/11/21, , 39, , 2, 4
2023/11/22, , 18, , 2, 2
2023/11/23, , 23, , 2, 4
2023/11/24, , 55, , 7, 8
2023/11/25, , 52, , 6, 8
2023/11/26, , 39, , 5, 9
2023/11/27, , 35, , 4, 7
2023/12/6, , 57, , 5, 5
2023/12/7, , 55, , 8, 4
2023/12/8, , 19, , 3, 3
2023/12/16, , 50, , 16, 9
2023/12/17, , 24, , 6, 7
2023/12/18, , 40, , 3, 6